{"accuracy": [0.30553701519966125, 0.5266010761260986, 0.6318379044532776, 0.697715163230896, 0.7562541961669922, 0.8028686046600342, 0.8361407518386841, 0.8672448396682739, 0.8913442492485046, 0.9046030640602112, 0.9225316643714905, 0.9330387115478516, 0.947715163230896, 0.9519679546356201, 0.962558388710022, 0.9668111801147461, 0.9673949480056763, 0.9681454300880432, 0.9729819893836975, 0.9789859652519226, 0.9782354831695557, 0.9792361855506897, 0.9800700545310974, 0.9826551079750061, 0.9796531200408936, 0.9827384948730469, 0.9886590838432312, 0.9889926910400391, 0.982321560382843, 0.9871581196784973], "categorical_accuracy": [0.30553701519966125, 0.5266010761260986, 0.6318379044532776, 0.697715163230896, 0.7562541961669922, 0.8028686046600342, 0.8361407518386841, 0.8672448396682739, 0.8913442492485046, 0.9046030640602112, 0.9225316643714905, 0.9330387115478516, 0.947715163230896, 0.9519679546356201, 0.962558388710022, 0.9668111801147461, 0.9673949480056763, 0.9681454300880432, 0.9729819893836975, 0.9789859652519226, 0.9782354831695557, 0.9792361855506897, 0.9800700545310974, 0.9826551079750061, 0.9796531200408936, 0.9827384948730469, 0.9886590838432312, 0.9889926910400391, 0.982321560382843, 0.9871581196784973], "loss": [1.9115952253341675, 1.360107421875, 1.0713773965835571, 0.8779593110084534, 0.7265196442604065, 0.5745924711227417, 0.47601473331451416, 0.3886513411998749, 0.31961023807525635, 0.2870667278766632, 0.22924621403217316, 0.19631092250347137, 0.1599617302417755, 0.14782699942588806, 0.11825401335954666, 0.10314330458641052, 0.09973803907632828, 0.10165625810623169, 0.08043979853391647, 0.06030355021357536, 0.06730198115110397, 0.06215812638401985, 0.060741569846868515, 0.054948460310697556, 0.0648832619190216, 0.051770031452178955, 0.03729966655373573, 0.03381034731864929, 0.05336456745862961, 0.03729453310370445], "val_accuracy": [0.4479653239250183, 0.5967311263084412, 0.7084723114967346, 0.7234823107719421, 0.782855212688446, 0.7775183320045471, 0.8579052686691284, 0.8505670428276062, 0.8935957551002502, 0.8979319334030151, 0.8899266123771667, 0.8829219341278076, 0.914943277835846, 0.9132755398750305, 0.927951991558075, 0.9232822060585022, 0.8965977430343628, 0.9119412899017334, 0.9372915029525757, 0.9386257529258728, 0.9426284432411194, 0.9412941932678223, 0.9372915029525757, 0.9242828488349915, 0.9379586577415466, 0.9416277408599854, 0.9482988715171814, 0.9432955384254456, 0.940293550491333, 0.9429619908332825], "val_categorical_accuracy": [0.4479653239250183, 0.5967311263084412, 0.7084723114967346, 0.7234823107719421, 0.782855212688446, 0.7775183320045471, 0.8579052686691284, 0.8505670428276062, 0.8935957551002502, 0.8979319334030151, 0.8899266123771667, 0.8829219341278076, 0.914943277835846, 0.9132755398750305, 0.927951991558075, 0.9232822060585022, 0.8965977430343628, 0.9119412899017334, 0.9372915029525757, 0.9386257529258728, 0.9426284432411194, 0.9412941932678223, 0.9372915029525757, 0.9242828488349915, 0.9379586577415466, 0.9416277408599854, 0.9482988715171814, 0.9432955384254456, 0.940293550491333, 0.9429619908332825], "val_loss": [1.5169743299484253, 1.131028652191162, 0.8701773881912231, 0.8301185369491577, 0.648795485496521, 0.6239559054374695, 0.4208935797214508, 0.4613957703113556, 0.33809322118759155, 0.31766217947006226, 0.31157204508781433, 0.34839677810668945, 0.26352348923683167, 0.26937562227249146, 0.22923003137111664, 0.24337857961654663, 0.33963361382484436, 0.2552088499069214, 0.22541917860507965, 0.214084193110466, 0.2077813297510147, 0.20042209327220917, 0.22145643830299377, 0.2916339635848999, 0.22175894677639008, 0.19712047278881073, 0.20574171841144562, 0.2218281775712967, 0.2026859074831009, 0.2192520648241043]}